file,title,place,year,series,home,order,alt,rank,shoot,cover
portraits/portrait-01.jpg,Procession,"Penn, Philadelphia",2026,portraits,TRUE,1,Six graduates in gowns walk down a tree-lined path,,,
portraits/portrait-02.jpg,Window,"Penn, Philadelphia",2026,portraits,TRUE,2,Graduates silhouetted in a tall gothic window,,,
portraits/portrait-03.jpg,From above,"Penn, Philadelphia",2026,portraits,TRUE,3,"A graduate in a gown walks a campus path, seen from above",,,
portraits/portrait-04.jpg,Window seat,"Penn, Philadelphia",2026,portraits,TRUE,4,A graduate in a white dress sits in a sunlit window holding her cap,,,
portraits/portrait-05.jpg,On the grass,"Penn, Philadelphia",2026,portraits,TRUE,5,A graduate in a white dress sits on the lawn holding her cap,,grad-2026-a,TRUE
portraits/portrait-06.jpg,Headshot,Philadelphia,2026,portraits,TRUE,6,"Studio headshot in a navy suit, arms crossed",,,
portraits/portrait-07.jpg,Together,"Penn, Philadelphia",2026,portraits,TRUE,7,Two graduates in gowns on a stone bench under green leaves,,grad-2026-a,
portraits/portrait-08.jpg,LOVE,"Penn, Philadelphia",2026,portraits,TRUE,9,Four graduates posed on the LOVE statue,,grad-2026-a,
portraits/portrait-09.jpg,Cap toss,"Penn, Philadelphia",2026,portraits,TRUE,10,A graduate in a gown tosses her cap in front of a stone building,,,
portraits/portrait-10.jpg,Huntsman,"Penn, Philadelphia",2026,portraits,TRUE,12,A graduate in white tosses her cap in front of Huntsman Hall,,,
portraits/portrait-11.jpg,Stairwell,"Penn, Philadelphia",2026,portraits,TRUE,13,A graduate stands at the top of a sunlit staircase,,,
portraits/portrait-12.jpg,Afternoon,"Penn, Philadelphia",2026,portraits,TRUE,15,A graduate in a white dress reclines in a window seat,,,
portraits/portrait-13.jpg,Three,"Penn, Philadelphia",2026,portraits,TRUE,17,Three graduates in white seated on an ornate staircase,,,
portraits/portrait-14.jpg,On the steps,"Penn, Philadelphia",2026,portraits,TRUE,20,Graduates in white on the steps of a stone archway,,,
portraits/portrait-15.jpg,The Palestra,"Penn, Philadelphia",2026,portraits,TRUE,24,A graduate alone in the stands of the Palestra,,,
events/event-01.jpg,Red,Philadelphia,2026,events,TRUE,8,A singer in a red dress performs under red stage light,,,
events/event-02.jpg,Solo,Philadelphia,2026,events,TRUE,11,A singer in a suit performs under orange light,,,
events/event-03.jpg,Verse,Philadelphia,2026,events,TRUE,14,A singer in a brown suit performs under red light,,,
events/event-04.jpg,Duet,Philadelphia,2026,events,TRUE,16,Two singers in black and white against a red stage,,,
events/event-05.jpg,Warm,Philadelphia,2026,events,TRUE,18,A singer in a red dress under warm stage light,,,
events/event-06.jpg,Blue,Philadelphia,2026,events,TRUE,19,A singer in a pink dress under blue light,,,
events/event-07.jpg,Fireside,Philadelphia,2026,events,TRUE,21,Two speakers in armchairs at a fireside chat,,,
events/event-08.jpg,Panel,Philadelphia,2026,events,TRUE,22,A panel on stage beneath a projected title slide,,,
events/event-09.jpg,Magenta,Philadelphia,2026,events,TRUE,23,A singer at a microphone under magenta light,,,
