shoot,series,title,place,year,home
2026_04-JJCK_grad,portraits,2026 04 JJCK grad,,2026,
2026_05-AP_grad,portraits,2026 05 AP grad,,2026,
2026_05-JLin_grad,portraits,2026 05 JLin grad,,2026,
2026_05-EW_headshots,portraits,2026 05 EW headshots,,2026,
2026_05-EY_grad,portraits,2026 05 EY grad,,2026,
2026_05-EYRoomies_grad,portraits,2026 05 EYRoomies grad,,2026,
2026_04-JR_grad,portraits,2026 04 JR grad,,2026,
2026_05-JH_grad,portraits,2026 05 JH grad,,2026,
2026_05-JJE_grad,portraits,2026 05 JJE grad,,2026,
2026_05-JL_grad,portraits,2026 05 JL grad,,2026,
2026_05-LZ_grad,portraits,2026 05 LZ grad,,2026,
2026_04-WUHC_Speakers,events,2026 04 WUHC Speakers,,2026,
2026_03-PennYo_Concert,events,2026 03 PennYo Concert,,2026,
